title,price,rating,availability
"SAMSUNG Galaxy A53 5G A Series Cell Phone, Factory Unlocked Android Smartphone, 128GB, 6.5” FHD Super AMOLED Screen, Long Battery Life, US Version, Black",$449.99,4.3 out of 5 stars,In Stock
"SAMSUNG Galaxy S23+ Plus Cell Phone, Factory Unlocked Android Smartphone, 256GB Storage, 50MP Camera, Night Mode, Long Battery Life, Adaptive Display, US Version, 2023, Phantom Black",$849.99,4.6 out of 5 stars,In Stock
Moto G Stylus | 2022 | 2-Day battery | Unlocked| Made for US by Motorola | 6/128GB | 50MP Camera | Twilight Blue,$169.99,4.3 out of 5 stars,In Stock
Google Pixel 7a - Unlocked Android Cell Phone - Smartphone with Wide Angle Lens and 24-Hour Battery - 128 GB -  Sea,$499.00,4.2 out of 5 stars,In Stock
"TCL 40XL Unlocked Cell Phone 4GB + 128GB, 6.75"" 90Hz Display, Smartphone Android 13, 50MP AI Camera Mobile Phone, 5000 mAh, 4G LTE, U.S. Version, Dark Gray",$169.99,4.6 out of 5 stars,Not Available
Moto G Stylus | 2022 | 2-Day battery | Unlocked| Made for US by Motorola | 6/128GB | 50MP Camera | Twilight Blue,$169.99,4.3 out of 5 stars,In Stock
"SAMSUNG Galaxy S23 Ultra Cell Phone, Factory Unlocked Android Smartphone, 256GB Storage, 200MP Camera, Night Mode, Long Battery Life, S Pen, US Version, 2023, Phantom Black",$999.99,4.3 out of 5 stars,In Stock
Google Pixel 6a - 5G Android Phone - Unlocked Smartphone with 12 Megapixel Camera and 24-Hour Battery - Sage,$349.00,4.3 out of 5 stars,Not Available
"Samsung Galaxy A53 5G (128GB, 6GB) 6.5"" 120Hz Full HD+, IP67 Water Resistant, Dual SIM GSM 4G Volte Unlocked (for US + Global) International Model A536E/DS (25W Charging Cube Bundle, Awesome Blue)",$343.99,4.1 out of 5 stars,Not Available
"SAMSUNG Galaxy A03 Core (SM-A032/DS) Dual SIM 32GB/ 2GB RAM, GSM Unlocked International Version - No Warranty - Black",$80.99,3.9 out of 5 stars,Not Available
"Xiaomi Redmi A1 Unlocked 4G Volte Cellphone,2GB RAM + 32GB ROM,6.52"" Display, 8MP Camera,5000mAh Battery with 10W Fast Charging Smartphone (Black)",$79.00,4.6 out of 5 stars,Not Available
"OnePlus Nord N200 | 5G Unlocked Android Smartphone U.S Version | 6.49"" Full HD+LCD Screen | 90Hz Smooth Display | Large 5000mAh Battery | Fast Charging | 64GB Storage | Triple Camera,Blue Quantum",$166.48,4.1 out of 5 stars,In Stock
"SAMSUNG Galaxy Z Flip 4 Cell Phone, Factory Unlocked Android Smartphone, 256GB, Flex Mode, Hands Free Camera, Compact, Foldable Design, Informative Cover Screen, US Version, Pink Gold","$1,059.99",4.0 out of 5 stars,In Stock
"TCL 40XL Unlocked Cell Phone 4GB + 128GB, 6.75"" 90Hz Display, Smartphone Android 13, 50MP AI Camera Mobile Phone, 5000 mAh, 4G LTE, U.S. Version, Dark Gray",$127.49,4.6 out of 5 stars,In Stock
"SAMSUNG Galaxy S23 Cell Phone, Factory Unlocked Android Smartphone, 256GB Storage, 50MP Camera, Night Mode, Long Battery Life, Adaptive Display, US Version, 2023, Green",$759.99,4.4 out of 5 stars,In Stock
Moto G Power | 2022 | 3-Day Battery | Unlocked | Made for US by Motorola | 4/128GB | 50 MP Camera | Ice Blue,$139.99,4.2 out of 5 stars,In Stock
"Xiaomi Redmi 9A - Smartphone 2 GB + 32 GB, Dual Sim, Grigio (Granite Grey)",$77.70,4.5 out of 5 stars,Not Available
"DOOGEE N50 2023 Unlocked Cell Phone, 15GB+128GB Android 13 Smartphone, 6.52"" Display Android Phone, 50MP AI Camera Dual 4G Phones Unlocked, 90dB Loud Speaker, OTG, Fingerprint, T-Mobile - Grey",$159.99,5.0 out of 5 stars,Not Available
Pinwheel Slim 5 Kids Smartphone (Age 8-18) with Built-in Parent Management System | 700+ Vetted App Library with Child Safety Ratings | No Social Media or Web Browser | Unlocked for Any Cell Carrier,$239.00,3.0 out of 5 stars,Not Available
Motorola Moto G42 Dual-SIM 128GB ROM + 4GB RAM (GSM Only | No CDMA) Factory Unlocked 4G/LTE Smartphone (Metallic Rose) - International Version,$194.99,Previous page of related Sponsored Products,Not Available
"UMIDIGI Rugged Unlocked Cell Phones, Bison 2 PRO 8G+256GB, Rugged Smartphone with IP68 & IP69K, 6150mAh Mobile Phone, Android 12, NFC, 6.5"" FHD, 48MP AI Triple Camera, Dual 4G, 18W, Type-C, GPS",$239.99,4.0 out of 5 stars,Not Available
"Simple Mobile Samsung Galaxy A03s, 32GB, Black - Prepaid Smartphone (Locked)",$49.88,4.1 out of 5 stars,In Stock
"TCL 10L, Unlocked Android Smartphone 256GB+6GB RAM Android Phone,6.53"" FHD Cell Phone, 48MP Quad Rear Camera System, 4000mAh Verizon Phone Mobile Phone Large Storage, Mariana Blue",$299.99,4.2 out of 5 stars,Not Available
"UMIDIGI Power 5s 4/64GB Unlocked Cell Phone,4G Dual sim Android 11 Smartphone, 6150mAh Battery, 256G Expandable Mobile Phones, 6.53"" HD Display Plus 16MP AI Triple Camera Straight Talk Phone.",$89.99,3.9 out of 5 stars,Not Available
Google Pixel 7a - Unlocked Android Cell Phone - Smartphone with Wide Angle Lens and 24-Hour Battery - 128 GB -  Sea,$499.00,4.2 out of 5 stars,In Stock
Google Pixel 6a - 5G Android Phone - Unlocked Smartphone with 12 Megapixel Camera and 24-Hour Battery - Sage,$349.00,4.3 out of 5 stars,Not Available
Moto G Stylus | 2022 | 2-Day battery | Unlocked| Made for US by Motorola | 6/128GB | 50MP Camera | Twilight Blue,$169.99,4.3 out of 5 stars,In Stock
"Samsung Galaxy A53 5G (128GB, 6GB) 6.5"" 120Hz Full HD+, IP67 Water Resistant, Dual SIM GSM 4G Volte Unlocked (for US + Global) International Model A536E/DS (25W Charging Cube Bundle, Awesome Blue)",$343.99,4.1 out of 5 stars,Not Available
"TCL 40XL Unlocked Cell Phone 4GB + 128GB, 6.75"" 90Hz Display, Smartphone Android 13, 50MP AI Camera Mobile Phone, 5000 mAh, 4G LTE, U.S. Version, Dark Gray",$169.99,4.6 out of 5 stars,Not Available
"SAMSUNG Galaxy A53 5G A Series Cell Phone, Factory Unlocked Android Smartphone, 128GB, 6.5” FHD Super AMOLED Screen, Long Battery Life, US Version, Black",$449.99,4.3 out of 5 stars,In Stock
"SAMSUNG Galaxy S23+ Plus Cell Phone, Factory Unlocked Android Smartphone, 256GB Storage, 50MP Camera, Night Mode, Long Battery Life, Adaptive Display, US Version, 2023, Phantom Black",$849.99,4.6 out of 5 stars,In Stock
Unlocked Smartphone 6.7inch Cell Phone IP14pro 2+16GB HD Full Screen Straight Talk Phone Dual Sim Unlocked Android Phones Boost Mobile Phone (Gold),$89.99,1.8 out of 5 stars,Not Available
Nokia 6300 4G | Unlocked | Dual SIM | WiFi Hotspot | Social Apps | Google Maps and Assistant | Light Charcoal,$67.49,3.6 out of 5 stars,In Stock
"TCL 30 SE |2022| 6.52"" Unlocked Cell Phone, 4+64GB Android Phone GSM Unlocked Smartphone with 50MP Camera, 5000mAh, Single SIM, US Version, Atlantic Blue(Not Support Verizon/Boost/5G)",$159.99,4.2 out of 5 stars,Not Available
"Simple Mobile Motorola Moto g Pure, 32GB, Blue - Prepaid Smartphone (Locked)",$54.89,4.4 out of 5 stars,In Stock
"OnePlus Nord N200 | 5G Unlocked Android Smartphone U.S Version | 6.49"" Full HD+LCD Screen | 90Hz Smooth Display | Large 5000mAh Battery | Fast Charging | 64GB Storage | Triple Camera,Blue Quantum",$166.48,4.1 out of 5 stars,In Stock
Nokia 225 | GSM Unlocked Mobile Phone | 4G | Black,$49.72,3.6 out of 5 stars,Not Available
"UMIDIGI C1 Cell Phone Unlocked,Android 12 GO 5150mAh Battery with 6.52"" Full Screen T-Mobile Smartphone 2GB RAM+32GB ROM 256GB Expandable 13MP Camera Mobile Phone",$99.99,3.4 out of 5 stars,Not Available
Google - Pixel 3a with 64GB Memory Cell Phone (Unlocked) - Just Black,$154.95,4.4 out of 5 stars,Not Available
Pinwheel Slim 5 Kids Smartphone (Age 8-18) with Built-in Parent Management System | 700+ Vetted App Library with Child Safety Ratings | No Social Media or Web Browser | Unlocked for Any Cell Carrier,$239.00,3.0 out of 5 stars,Not Available
"TCL 10L, Unlocked Android Smartphone 256GB+6GB RAM Android Phone,6.53"" FHD Cell Phone, 48MP Quad Rear Camera System, 4000mAh Verizon Phone Mobile Phone Large Storage, Mariana Blue",$199.99,4.2 out of 5 stars,In Stock
"6.8"" 5G Unlocked Android 12 Cell Phone 6GB+128GB Dual SIM Unlocked Phones Qualcomm 888 Chip Smart Phone with 7500mAh Battery - HD Display - 150MP+80MP Camera - Face ID - Fingerprint Unlock (Gold)",$169.99,2.3 out of 5 stars,Not Available
"Total by Verizon TCL 30 Z, 32GB, Black - Prepaid Smartphone (Locked)",$29.88,4.1 out of 5 stars,In Stock
Motorola Moto G42 Dual-SIM 128GB ROM + 4GB RAM (GSM Only | No CDMA) Factory Unlocked 4G/LTE Smartphone (Metallic Rose) - International Version,$194.99,Previous page of related Sponsored Products,Not Available
"SAMSUNG Galaxy A14 4G LTE (128GB + 4GB) Unlocked Worldwide (Only T-Mobile/Mint/Metro USA Market) 6.6"" 50MP Triple Camera + (15W Wall Charger) (Black (SM-A145M/DS))",$159.47,5.0 out of 5 stars,Not Available
Motorola Moto G Power 5G | 2023 | Unlocked | Made for US 6/256GB | 50 MPCamera | Mineral Black,$279.99,3.3 out of 5 stars,In Stock
Alcatel Go Flip 4 4056W 4GB (T-Mobile only) Flip Phone - for Senior Easy Use Blue,$62.00,3.9 out of 5 stars,Not Available
RCA Reno Max | 6.5” HD+ Brightness Boost Display | 64GB + 4GB RAM | 4G LTE Unlocked Smartphone | Android 12 | Octa Core Processor | 16MP Triple Camera | 4000 mAh Battery | Black | T-Mobile,$98.99,3.6 out of 5 stars,Not Available
"UMIDIGI Rugged Unlocked Cell Phones, Bison 2 PRO 8G+256GB, Rugged Smartphone with IP68 & IP69K, 6150mAh Mobile Phone, Android 12, NFC, 6.5"" FHD, 48MP AI Triple Camera, Dual 4G, 18W, Type-C, GPS",$239.99,4.0 out of 5 stars,Not Available
"TCL 40XL Unlocked Cell Phone 6GB + 256GB, 6.75"" 90Hz Display Mobile Phone, Smartphone Android 13, 50MP AI Camera, 5000 mAh, 4G LTE, U.S. Version, Dark Gray",$152.99,3.8 out of 5 stars,Not Available
"SAMSUNG Galaxy A54 5G A Series Cell Phone, Factory Unlocked Android Smartphone, 128GB w/ 6.4” Fluid Display Screen, Hi Res Camera, Long Battery Life, Refined Design, US Version, 2023, Awesome Violet",$374.99,4.8 out of 5 stars,
"SAMSUNG Galaxy A53 5G A Series Cell Phone, Factory Unlocked Android Smartphone, 128GB, 6.5” FHD Super AMOLED Screen, Long Battery Life, US Version, Black",$449.99,4.3 out of 5 stars,In Stock
"SAMSUNG Galaxy S23+ Plus Cell Phone, Factory Unlocked Android Smartphone, 256GB Storage, 50MP Camera, Night Mode, Long Battery Life, Adaptive Display, US Version, 2023, Phantom Black",$849.99,4.6 out of 5 stars,In Stock
"SAMSUNG Galaxy A22 5G (128GB, 4GB) 6.6"" 90Hz, Android 11, 48MP Triple Camera, Dual SIM 4G Volte Unlocked (US + Global, GSM Only) International Model A226BR/DSN (Extra Fast Charger Bundle, Gray)",$219.99,4.1 out of 5 stars,Not Available
"Tracfone Alcatel TCL A3, 32GB, Black - Prepaid Smartphone (Locked)",$39.88,4.0 out of 5 stars,In Stock
"AT&T Prepaid Radiant Max 32GB, 6.5 inch HD+ Display, Prepaid Smartphone - Cobalt Blue",$76.99,4.1 out of 5 stars,Not Available
"TCL 30XL |2022| Unlocked Cell Phone, 6.82 inch Vast Display, 5000mAh Battery, Android 12 Smartphone, 50MP Rear+13MP Front Camera, 6GB RAM + 64GB ROM, US Version, Dual Speaker, LTE 4G Phone, Night Mist",$199.99,4.0 out of 5 stars,Not Available
"Easyfone T6 4G Easiest-to-Use Picture Button Cell Phone for Seniors | SOS Button | Clear Sound | Easy Charging Dock | Unlocked (T-Mobile & MVNOs) | Suitable for Elderly, Dementia, Alzheimer's and Kids",$79.99,3.2 out of 5 stars,Not Available
"UMIDIGI C1 Cell Phone Unlocked,Android 12 GO 5150mAh Battery with 6.52"" Full Screen T-Mobile Smartphone 2GB RAM+32GB ROM 256GB Expandable 13MP Camera Mobile Phone",$99.99,3.4 out of 5 stars,Not Available
"Simple Mobile Motorola Moto g Pure, 32GB, Blue - Prepaid Smartphone (Locked)",$54.89,4.4 out of 5 stars,In Stock
"SAMSUNG Galaxy S22 Ultra Cell Phone, Factory Unlocked Android Smartphone, 128GB, 8K Camera & Video, Brightest Display Screen, S Pen, Long Battery Life, Fast 4nm Processor, US Version, Burgundy","$1,199.99",4.6 out of 5 stars,Not Available
"TCL 10L, Unlocked Android Smartphone 256GB+6GB RAM Android Phone,6.53"" FHD Cell Phone, 48MP Quad Rear Camera System, 4000mAh Verizon Phone Mobile Phone Large Storage, Mariana Blue",$299.99,4.2 out of 5 stars,Not Available
"TCL 40XL Unlocked Cell Phone 6GB + 256GB, 6.75"" 90Hz Display Mobile Phone, Smartphone Android 13, 50MP AI Camera, 5000 mAh, 4G LTE, U.S. Version, Dark Gray",$152.99,3.8 out of 5 stars,Not Available
"UMIDIGI Power 5s 4/64GB Unlocked Cell Phone,4G Dual sim Android 11 Smartphone, 6150mAh Battery, 256G Expandable Mobile Phones, 6.53"" HD Display Plus 16MP AI Triple Camera Straight Talk Phone.",$89.99,3.9 out of 5 stars,Not Available
"SAMSUNG Electronics Galaxy A03 Cell Phone, Factory GSM Unlocked Android Smartphone, 32GB, Long Lasting Battery, International Version (Black)",$113.90,3.9 out of 5 stars,Not Available
Motorola Moto G31 Dual-SIM 128GB ROM + 4GB RAM (GSM Only | No CDMA) Factory Unlocked 4G/LTE Smartphone (Mineral Grey) - International Version,$156.99,4.4 out of 5 stars,Not Available
Motorola Moto G Stylus 5G | 2021 | 2-Day Battery | Unlocked | Made for US 4/128GB | 48MP Camera | Cosmic Emerald,$179.99,4.3 out of 5 stars,In Stock
Motorola Moto G42 Dual-SIM 128GB ROM + 4GB RAM (GSM Only | No CDMA) Factory Unlocked 4G/LTE Smartphone (Metallic Rose) - International Version,$194.99,Previous page of related Sponsored Products,Not Available
"Cat S22 Flip (16GB) 2.8"" Touchscreen, Android 11, IP68 Water Resistant, 4G LTE GSM (T-Mobile Unlocked for MetroPCS, Global) (Black)",$65.95,3.5 out of 5 stars,Not Available
"Total by Verizon TCL 30 Z, 32GB, Black - Prepaid Smartphone (Locked)",$29.88,4.1 out of 5 stars,In Stock
"Total by Verizon Samsung Galaxy A03s, 32GB, Black - Prepaid Smartphone (Locked)",$49.88,4.0 out of 5 stars,In Stock
"SAMSUNG Galaxy A54 5G A Series Cell Phone, Factory Unlocked Android Smartphone, 128GB w/ 6.4” Fluid Display Screen, Hi Res Camera, Long Battery Life, Refined Design, US Version, 2023, Awesome Violet",$374.99,4.8 out of 5 stars,
Pinwheel Slim 5 Kids Smartphone (Age 8-18) with Built-in Parent Management System | 700+ Vetted App Library with Child Safety Ratings | No Social Media or Web Browser | Unlocked for Any Cell Carrier,$239.00,3.0 out of 5 stars,Not Available
"SAMSUNG Galaxy A53 5G A Series Cell Phone, Factory Unlocked Android Smartphone, 128GB, 6.5” FHD Super AMOLED Screen, Long Battery Life, US Version, Black",$449.99,4.3 out of 5 stars,In Stock
"Hiboost Cell Phone Booster for Home | Boost 4G LTE & 5G Up to 4000sq ft | Built-in Antenna & Easy to Install for All U.S. & Canadian Carriers-Verizon, AT&T, T-Mobile | 5G Booster FCC Approved",$599.99,Previous page of related Sponsored Products,Not Available
"RCA Reno Smartphone, 4G LTE, 16GB, Android 11, Black - GSM Unlocked, 5.0-inch",$59.46,3.4 out of 5 stars,Not Available
"SAMSUNG Electronics Galaxy A03 Cell Phone, Factory GSM Unlocked Android Smartphone, 32GB, Long Lasting Battery, International Version (Black)",$113.90,3.9 out of 5 stars,Not Available
Samsung Galaxy S10+ Factory Unlocked Android Cell Phone | US Version | 1TB of Storage | Fingerprint ID and Facial Recognition | Long-Lasting Battery | Ceramic White,Page 1 of 1,4.0 out of 5 stars,Currently unavailable.
Smallest Mobile Phone L8Star BM70 Tiny Mini Mobile Black Unlocked,$24.69,3.4 out of 5 stars,Not Available
Samsung Galaxy A22 5G 128GB 6GB Ram GSM Factory Unlocked Smartphone International Version-No Warranty-Fast Car Charger Bundle (Mint),$189.97,4.0 out of 5 stars,Not Available
"ASUS ZenFone 9 Cell Phone, 5.9” FHD+ 2400x1080 AMOLED 120Hz, IP68, 4300mAh Battery, 50MP/12MP Dual Camera, 12MP Front, 8GB RAM, 256GB, 5G LTE Unlocked Dual SIM, Black, AI2202-8G256G-BK [US Version]",$749.99,4.1 out of 5 stars,Not Available
Nokia C01 Plus | Android 11 (Go Edition) | Unlocked Smartphone | 2-Day Battery | 1/32GB | 6.52-Inch Screen | Dark Blue,$79.56,3.6 out of 5 stars,Not Available
"SAMSUNG Galaxy A23 5G (128GB + 4GB) Unlocked Worldwide Latin Version (Only T-Mobile/Mint/Metro USA Market) 6.6"" 50MP Quad Camera + (w/Fast Car Charger) (White A236M/DSN)",$225.00,4.4 out of 5 stars,Not Available
"SAMSUNG Galaxy S23+ Plus Cell Phone, Factory Unlocked Android Smartphone, 256GB Storage, 50MP Camera, Night Mode, Long Battery Life, Adaptive Display, US Version, 2023, Phantom Black",$849.99,4.6 out of 5 stars,In Stock
"Hiboost Cell Phone Booster for Home | Boost 4G LTE & 5G Up to 6000sq ft | Built-in Antenna & Easy to Install for All U.S. & Canadian Carriers-Verizon, AT&T, T-Mobile | 5G Booster FCC Approved",$699.99,Previous page of related Sponsored Products,In Stock
"OUKITEL Unlocked Rugged Smartphone, WP8 Pro 6.49 inch Android 10 Cellphone 5000mAh Battery 4GB RAM + 64GB ROM Mobile Phone 4G Dual SIM 16MP Rear Triple Camera NFC Global Version",$99.99,3.5 out of 5 stars,Not Available
Motorola Edge | 2021 | 2-Day battery | Unlocked | Made for US | 8/256GB | 108MP Camera | Nebula Blue,$274.53,4.2 out of 5 stars,Not Available
"DOOGEE Android Phone 2023, X98 PRO 9GB+64GB Android 12 Cell Phones, Helio G25 Octa Core, Dual 4G Phones Unlocked, 6.5"" FHD+ Display Smartphone, 4200mAh, Face ID, T-Mobile, US Version",$109.99,4.2 out of 5 stars,Not Available
"Total by Verizon TCL 30 Z, 32GB, Black - Prepaid Smartphone (Locked)",$29.88,4.1 out of 5 stars,In Stock
"ASUS ROG Phone 6 Batman Edition Cell Phone, 6.78” FHD+ 2448x1080 165Hz, 6000mAh Battery, 50MP/13MP/5MP Triple Camera, 12MP Front, 12GB RAM, 256GB Storage, 5G LTE Unlocked Dual SIM, AI2201-12G256G-BM","$1,199.99",4.7 out of 5 stars,Not Available
Easyfone Prime-A6 4G Big Button Feature Cell Phone | Easy-to-Use | Clear Sound | Big Battery Long Time Standby | Unlocked (T-Mobile & MVNOs) | SIM-Free Mobile Phone with SOS Button and Charging Dock,$69.99,3.4 out of 5 stars,Not Available
Easyfone Prime-A1 Pro 4G Big Button Flip Cell Phone for Seniors | Easy-to-Use | Clear Sound | SOS Button w/GPS | Unlocked for T-Mobile&MVNOs (Included a SIM Card) | Convenient Charging Dock (Red),$98.99,4.0 out of 5 stars,Not Available
"UMIDIGI Power 5s 4/64GB Unlocked Cell Phone,4G Dual sim Android 11 Smartphone, 6150mAh Battery, 256G Expandable Mobile Phones, 6.53"" HD Display Plus 16MP AI Triple Camera Straight Talk Phone.",$89.99,3.9 out of 5 stars,Not Available
"TCL 40XL Unlocked Cell Phone 4GB + 128GB, 6.75"" 90Hz Display, Smartphone Android 13, 50MP AI Camera Mobile Phone, 5000 mAh, 4G LTE, U.S. Version, Dark Gray",$169.99,4.6 out of 5 stars,Not Available
"TCL 10L, Unlocked Android Smartphone 256GB+6GB RAM Android Phone,6.53"" FHD Cell Phone, 48MP Quad Rear Camera System, 4000mAh Verizon Phone Mobile Phone Large Storage, Mariana Blue",$299.99,4.2 out of 5 stars,Not Available
"SAMSUNG Galaxy A53 5G A Series Cell Phone, Factory Unlocked Android Smartphone, 128GB, 6.5” FHD Super AMOLED Screen, Long Battery Life, US Version, Black",$449.99,4.3 out of 5 stars,In Stock
"SAMSUNG Galaxy S23+ Plus Cell Phone, Factory Unlocked Android Smartphone, 256GB Storage, 50MP Camera, Night Mode, Long Battery Life, Adaptive Display, US Version, 2023, Phantom Black",$849.99,4.6 out of 5 stars,In Stock
Samsung Galaxy A22 5G 128GB 6GB Ram GSM Factory Unlocked Smartphone International Version-No Warranty-Fast Car Charger Bundle (Mint),$189.97,4.0 out of 5 stars,Not Available
"Apple iPhone 11, 64GB, Black - Unlocked (Renewed)",$288.75,4.3 out of 5 stars,Not Available
"SAMSUNG Galaxy S22 Ultra Cell Phone, Factory Unlocked Android Smartphone, 256GB, 8K Camera & Video, Brightest Display Screen, S Pen, Long Battery Life, Fast 4nm Processor, US Version, Burgundy",$899.99,4.6 out of 5 stars,In Stock
